frame,y,x
0,408.13,255.99
0,328.25,292.13
0,308.22,301.0
0,319.11,263.91
0,308.09,271.3
0,337.66,253.82
0,331.34,234.87
0,314.4,232.59
0,303.78,239.58
0,345.85,199.66
0,293.75,266.01
0,285.03,228.54
0,285.27,212.59
0,274.66,224.06
0,272.07,235.37
0,267.36,265.07
0,261.47,286.75
0,257.7,305.84
0,254.12,319.2
0,291.87,318.09
0,195.24,335.3
0,297.29,188.24
0,307.66,176.93
0,268.3,184.94
0,239.31,212.51
0,232.72,233.25
0,225.17,242.68
0,204.67,243.86
0,220.46,201.2
0,208.21,198.37
0,221.17,177.16
0,212.45,188.24
0,227.06,188.95
0,220.93,163.5
0,215.98,142.76
0,201.37,170.8
0,267.59,127.91
0,257.48,225.84
0,250.14,245.69
0,307.99,126.51
0,272.78,154.13
0,282.52,113.48
0,262.77,144.83
0,231.35,136.93
0,223.88,108.5
0,242.47,178.03
0,253.14,183.53
0,251.2,160.41
0,267.36,200.1
0,254.89,195.95
0,282.2,186.64
0,287.35,256.12
0,232.1,330.0
0,254.63,352.53
0,237.05,283.29
0,223.03,301.15
0,234.3,302.52
0,206.55,301.15
0,182.09,301.15
0,193.35,244.41
0,188.14,257.97
0,200.65,254.44
0,170.59,252.45
0,169.95,265.0
0,156.3,264.26
0,154.42,278.24
0,153.98,293.45
0,140.17,331.8
0,176.49,352.81
0,182.13,323.39
0,102.49,315.73
0,108.64,299.43
0,112.35,286.45
0,77.98,272.98
0,132.25,282.25
0,116.43,259.75
0,172.23,201.21
0,124.47,225.83
0,100.41,216.57
0,119.66,200.93
0,123.09,241.0
0,150.39,205.47
0,111.86,170.38
0,127.32,152.57
0,167.94,138.96
0,178.54,186.46
0,183.69,201.92
0,172.6,213.63
0,164.48,185.99
0,239.25,261.37
0,227.03,277.26
0,201.78,281.66
0,180.08,223.51
0,134.58,262.17
0,156.16,164.62
0,148.9,185.54
0,274.61,341.7
0,183.41,290.36
10,362.0,186.01
10,335.82,225.83
10,318.3,228.11
10,304.64,235.17
10,338.1,244.72
10,327.17,296.39
10,316.93,312.32
10,351.98,319.15
10,298.04,264.07
10,288.71,314.14
10,259.58,319.6
10,260.95,306.17
10,308.38,272.32
10,320.43,262.47
10,291.86,229.72
10,279.4,223.22
10,291.32,212.38
10,269.89,265.37
10,285.98,268.52
10,290.56,254.95
10,267.43,283.86
10,319.15,125.13
10,312.15,163.06
10,299.12,172.79
10,271.3,185.63
10,284.14,184.27
10,282.0,170.26
10,279.66,150.81
10,271.3,140.69
10,271.69,118.9
10,235.07,306.32
10,208.86,303.97
10,192.94,336.27
10,134.91,325.97
10,174.92,345.87
10,155.03,290.87
10,184.05,307.02
10,262.91,238.09
10,275.02,235.09
10,265.91,226.3
10,236.58,233.44
10,226.51,241.55
10,253.67,245.27
10,215.34,278.12
10,202.42,277.69
10,221.47,267.83
10,207.45,243.96
10,196.28,241.98
10,188.18,251.62
10,204.82,254.47
10,187.74,270.9
10,175.48,248.99
10,167.15,259.29
10,158.39,269.8
10,164.74,199.93
10,208.55,194.89
10,219.94,200.59
10,228.92,208.04
10,239.87,211.1
10,247.97,176.06
10,259.58,178.47
10,232.69,127.53
10,214.19,139.28
10,222.44,157.29
10,199.68,166.54
10,180.68,131.78
10,173.93,176.54
10,145.92,200.05
10,141.67,180.04
10,119.16,226.05
10,109.91,209.8
10,109.91,198.05
10,100.91,174.79
10,120.66,152.29
10,119.66,243.81
10,132.42,233.56
10,111.66,265.06
10,126.42,281.57
10,77.9,321.58
10,111.41,301.32
10,75.65,269.07
10,141.42,290.07
10,139.67,255.81
10,257.71,354.88
10,283.43,337.48
10,233.96,333.37
10,268.67,249.3
10,291.25,240.95
10,246.3,162.78
10,180.09,197.95
10,180.36,222.67
10,188.6,229.82
10,88.22,196.22
10,226.13,98.45
10,130.75,304.81
10,142.99,304.81
10,92.96,226.09
10,294.47,290.89
10,224.92,302.09
10,256.96,190.55
10,270.59,196.39
10,64.92,265.44
10,213.35,224.49
10,224.88,228.06
10,213.02,234.09
10,172.88,210.5
10,158.18,257.02
10,-4.45,813.97
20,379.28,182.37
20,325.05,134.78
20,311.77,151.94
20,301.25,173.8
20,265.56,123.99
20,331.72,302.7
20,315.14,282.61
20,308.12,259.97
20,292.97,266.82
20,295.68,206.14
20,286.68,225.53
20,279.75,215.61
20,273.52,228.53
20,290.14,246.07
20,270.52,262.69
20,284.83,260.84
20,261.29,284.61
20,257.14,305.15
20,259.21,320.38
20,285.75,315.77
20,277.68,179.38
20,288.63,185.34
20,259.79,178.09
20,248.51,176.48
20,244.97,208.7
20,230.95,205.32
20,221.44,198.71
20,206.62,195.17
20,225.47,175.19
20,228.37,156.34
20,312.1,226.99
20,326.3,230.77
20,332.14,257.44
20,321.42,265.39
20,281.54,144.66
20,275.66,156.24
20,265.41,163.3
20,272.8,191.44
20,264.35,221.09
20,364.54,214.65
20,374.66,213.4
20,344.59,233.81
20,290.59,285.86
20,280.55,337.87
20,240.02,353.05
20,182.24,346.54
20,233.71,304.48
20,221.19,300.1
20,209.8,302.37
20,209.76,314.69
20,189.12,307.3
20,189.2,321.13
20,188.55,292.26
20,266.97,246.17
20,263.85,233.11
20,255.92,241.94
20,236.54,230.67
20,225.7,239.19
20,235.85,281.52
20,250.77,277.47
20,260.79,268.63
20,231.48,124.99
20,216.36,139.89
20,161.24,201.07
20,171.03,180.99
20,183.35,198.45
20,201.57,166.3
20,167.38,131.85
20,107.95,221.87
20,112.48,235.45
20,128.56,235.68
20,97.76,253.11
20,110.44,275.75
20,131.05,277.79
20,156.4,287.07
20,111.35,201.27
20,95.73,177.49
20,128.78,167.3
20,145.99,181.34
20,144.63,201.49
20,207.45,242.63
20,174.48,246.96
20,187.87,252.52
20,195.49,242.84
20,219.16,263.43
20,215.27,277.06
20,200.77,276.12
20,166.46,405.99
20,155.8,387.75
20,162.67,347.08
20,130.28,328.53
20,92.11,288.88
20,75.7,270.97
20,77.81,315.38
20,97.98,353.47
20,116.8,313.87
20,393.97,253.7
20,190.9,231.56
20,182.32,222.72
20,208.84,220.9
20,114.71,249.63
20,190.99,282.08
20,176.5,304.74
20,157.06,258.47
20,163.1,144.03
20,129.65,183.17
20,230.1,101.5
20,171.7,194.28
20,198.67,255.14
20,294.79,234.43
20,276.4,282.01
20,274.78,271.88
20,259.75,188.25
20,250.57,195.81
20,214.28,185.26
30,375.12,174.31
30,339.06,141.96
30,346.92,252.88
30,329.8,225.88
30,316.54,240.34
30,332.93,291.21
30,298.22,262.28
30,318.47,264.45
30,320.16,305.68
30,290.75,312.67
30,290.02,325.44
30,298.22,202.01
30,283.03,210.69
30,289.78,222.26
30,279.9,228.77
30,290.75,248.54
30,273.15,266.38
30,294.84,164.16
30,305.69,165.85
30,285.2,152.59
30,280.86,173.08
30,263.89,283.4
30,262.27,306.54
30,261.53,321.58
30,234.7,300.5
30,258.48,127.16
30,285.16,138.83
30,278.82,130.16
30,235.14,155.84
30,225.47,136.5
30,235.14,117.16
30,226.8,103.82
30,160.11,123.83
30,176.12,176.85
30,207.8,161.84
30,209.8,192.18
30,221.13,198.52
30,271.82,206.19
30,269.48,218.19
30,267.48,233.53
30,236.81,229.53
30,226.8,236.53
30,162.45,204.19
30,96.89,248.68
30,109.09,235.53
30,115.79,216.28
30,130.62,203.0
30,148.2,205.27
30,116.99,278.1
30,138.27,280.14
30,154.06,262.2
30,67.41,300.34
30,88.16,285.42
30,73.46,266.18
30,137.03,322.07
30,160.5,338.77
30,171.53,326.01
30,152.46,292.07
30,265.32,172.24
30,252.6,175.32
30,85.07,204.17
30,97.86,184.88
30,115.68,168.52
30,149.86,179.43
30,127.42,244.64
30,188.65,196.83
30,177.33,203.96
30,184.88,220.73
30,193.47,244.22
30,173.34,251.14
30,165.16,263.09
30,135.6,216.54
30,230.82,327.67
30,221.03,296.42
30,211.91,304.03
30,193.33,310.95
30,186.4,291.86
30,202.11,275.65
30,214.78,278.35
30,188.77,277.68
20,175.36,211.87
20,299.32,140.69
30,206.81,242.98
30,201.38,254.83
30,188.67,252.83
30,180.52,301.55
30,244.67,211.69
40,373.86,165.31
40,373.66,208.0
40,339.8,142.67
40,330.78,223.03
40,331.78,238.46
40,303.73,197.98
40,291.1,217.42
40,300.12,257.69
40,298.32,245.27
40,325.37,295.97
40,309.74,301.38
40,303.13,226.83
40,302.72,167.12
40,314.95,137.66
40,258.8,315.45
40,258.8,301.37
40,262.22,282.07
40,274.09,262.36
40,294.4,313.03
40,280.72,207.66
40,279.92,223.95
40,270.27,214.3
40,265.64,226.36
40,236.08,231.79
40,225.62,235.01
40,237.29,256.33
40,232.06,301.77
40,220.4,292.52
40,206.72,293.73
40,195.26,301.57
40,182.99,317.86
40,200.29,285.08
40,202.1,272.61
40,204.51,242.25
40,193.65,237.62
40,185.0,251.9
40,198.48,252.1
40,209.54,196.0
40,222.61,201.23
40,160.07,202.03
40,253.58,127.23
40,156.45,122.4
40,231.26,151.16
40,221.4,136.48
40,210.74,158.4
40,230.25,117.37
40,99.61,245.8
40,112.31,231.2
40,111.96,206.14
40,130.36,244.73
40,132.15,263.73
40,151.27,263.02
40,87.03,279.51
40,69.04,288.72
40,78.47,255.96
40,86.01,319.89
40,141.78,279.48
40,151.22,298.77
40,163.8,288.71
40,274.16,169.2
40,283.27,181.34
40,251.48,173.66
40,264.51,176.7
40,257.37,189.02
40,185.16,175.29
40,172.72,180.11
40,185.93,191.54
40,128.9,193.48
40,144.45,203.68
40,144.9,168.62
40,85.13,203.72
40,187.53,271.47
40,218.58,259.73
40,165.02,257.35
40,174.34,250.21
40,144.66,243.36
40,160.1,231.75
40,236.78,272.31
40,249.51,273.19
40,281.96,136.44
40,293.49,149.2
40,302.92,134.6
40,246.79,140.12
40,211.47,183.5
40,218.6,175.08
40,246.61,211.13
40,258.87,241.51
40,217.14,306.48
40,177.43,289.28
40,165.9,328.81
40,182.81,213.29
40,297.89,334.81
50,155.68,322.67
50,92.24,248.6
50,111.02,206.2
50,124.16,221.69
50,158.63,203.06
50,209.46,193.84
50,252.0,128.37
50,232.4,146.08
50,281.04,203.45
50,287.17,215.01
50,296.8,253.88
50,314.33,280.85
50,303.64,296.83
50,257.01,322.64
50,260.08,305.38
50,278.88,138.48
50,289.96,150.83
50,304.99,168.15
50,271.37,160.51
50,304.76,197.57
50,327.2,219.18
50,326.37,238.02
50,352.73,226.08
50,386.37,177.43
50,391.47,258.05
50,384.77,209.61
50,343.67,148.43
50,319.45,137.28
50,87.47,279.09
50,71.88,290.0
50,84.74,312.61
50,147.36,125.6
50,233.74,118.96
50,217.67,138.3
50,208.96,157.36
50,177.63,165.53
50,297.1,222.24
50,278.28,226.14
50,273.52,211.21
50,265.73,223.32
50,272.65,259.67
50,77.32,258.0
50,128.99,249.18
50,122.09,263.11
50,133.46,278.7
50,123.74,185.42
50,129.79,205.38
50,141.45,184.93
50,195.91,236.02
50,204.37,244.36
50,184.28,250.12
50,244.62,175.17
50,259.43,168.59
50,219.11,172.16
50,264.1,283.24
50,259.98,266.78
50,258.61,242.37
50,247.36,206.17
50,228.44,237.16
50,236.94,298.88
50,221.58,293.39
50,238.04,273.64
50,215.27,272.0
50,201.83,273.37
50,258.4,185.46
50,272.28,176.86
50,267.2,199.15
50,291.05,282.21
50,286.65,314.02
50,295.95,241.6
50,309.16,241.11
50,140.99,301.36
50,165.62,260.14
50,225.97,198.88
50,296.0,334.75
50,230.12,324.0
50,221.47,366.99
50,152.09,392.63
50,163.16,382.9
50,111.9,332.53
50,105.24,276.49
50,111.58,192.44
50,161.87,160.65
50,174.37,178.81
50,226.2,103.12
50,190.51,264.22
50,186.8,279.39
50,146.25,271.1
60,263.63,327.87
60,261.3,310.4
60,165.55,214.07
60,117.24,225.13
60,129.75,251.61
60,116.08,261.8
60,144.31,282.47
60,158.57,272.28
60,150.13,304.58
60,173.7,323.79
60,216.19,289.16
60,207.75,249.29
60,198.44,240.85
60,231.91,241.72
60,271.49,261.22
60,263.05,287.99
60,295.94,256.27
60,291.28,216.4
60,278.77,224.84
60,287.5,234.44
60,295.94,244.34
60,328.82,258.6
60,310.78,259.18
60,312.24,281.3
60,322.42,299.05
60,288.66,319.14
60,300.88,190.79
60,280.22,205.92
60,331.15,221.64
60,349.49,151.79
60,309.03,160.23
60,294.48,168.67
60,290.41,151.5
60,279.64,165.76
60,244.42,130.54
60,239.18,147.13
60,211.83,195.44
60,225.21,198.94
60,215.9,137.24
60,213.57,156.15
60,222.3,170.12
60,190.29,189.33
60,157.4,120.09
60,115.14,199.51
60,130.0,204.16
60,127.68,181.4
60,150.9,190.22
60,182.02,162.82
60,188.05,212.05
60,95.17,244.1
60,81.7,277.07
60,81.7,259.89
60,75.66,290.54
60,84.49,311.91
60,185.73,252.46
60,392.25,187.8
60,360.65,206.37
60,280.0,134.3
60,99.57,168.52
60,169.49,261.37
60,173.28,247.99
60,188.74,281.27
60,193.25,306.24
60,266.53,227.82
60,270.99,214.72
60,249.8,205.51
60,263.62,169.13
60,246.52,174.59
60,261.44,181.5
60,279.63,180.77
60,232.8,98.37
60,236.19,117.94
60,393.12,255.6
60,360.95,227.5
60,289.28,283.01
60,285.66,262.48
60,284.45,250.0
60,239.37,232.29
60,255.87,246.78
60,239.37,278.18
60,233.73,302.33
60,236.55,328.9
60,90.23,209.62
60,93.55,269.85
60,113.27,184.72
70,154.35,124.6
70,162.44,217.34
70,211.4,199.97
70,243.16,141.07
70,231.76,148.67
70,208.96,141.34
70,210.58,158.98
70,181.54,166.31
70,229.31,123.69
70,271.38,128.58
70,271.11,167.67
70,296.08,195.62
70,284.14,208.92
70,287.67,221.14
70,294.73,257.78
70,267.04,267.28
70,254.56,312.88
70,255.1,328.62
70,297.17,305.82
70,129.57,194.8
70,121.62,212.35
70,109.27,221.4
70,93.37,254.32
70,110.92,262.27
70,125.46,256.79
70,144.38,277.36
70,137.8,291.62
70,169.62,302.87
70,201.16,247.74
70,181.14,253.22
70,74.44,279.0
70,61.55,257.61
70,72.52,320.15
70,368.92,195.19
70,335.68,208.77
70,346.37,231.32
70,323.83,234.21
70,326.14,258.48
70,307.07,263.69
70,296.08,243.17
70,274.12,228.14
70,268.63,217.15
70,263.42,227.85
70,247.53,171.78
70,257.36,175.54
70,257.07,189.41
70,272.1,193.17
70,247.24,197.21
70,244.64,210.8
70,222.67,204.73
70,236.55,235.36
70,226.43,243.17
70,217.18,232.76
70,281.05,151.84
70,317.76,130.74
70,168.8,250.94
70,183.87,193.89
70,96.32,180.62
70,121.08,174.16
70,119.29,194.61
70,95.61,277.13
70,143.68,309.42
70,133.64,321.62
70,188.17,354.99
70,204.96,294.65
70,257.68,286.72
70,355.85,162.37
70,344.03,149.44
70,300.03,166.35
70,320.26,294.91
70,148.23,390.56
70,280.8,312.61
70,274.44,346.55
70,188.5,305.23
70,178.73,292.37
70,228.38,297.77
70,220.4,305.49
70,190.61,242.11
70,192.96,256.74
70,181.82,227.03
70,208.8,224.68
70,198.13,272.52
70,202.78,308.58
70,190.27,137.72
70,240.06,303.54
80,323.23,286.21
80,293.59,254.79
80,271.65,263.39
80,278.47,300.74
80,273.43,317.34
80,251.5,305.78
80,252.68,322.08
80,161.68,292.74
80,158.42,216.56
80,282.32,209.74
80,290.92,193.14
80,267.5,163.2
80,231.64,151.35
80,240.82,132.97
80,211.48,198.18
80,225.41,330.97
80,106.71,214.94
80,161.51,116.79
80,174.59,161.78
80,118.16,173.23
80,132.88,188.77
80,121.43,202.67
80,94.44,247.65
80,112.43,269.74
80,126.34,252.56
80,74.81,309.81
80,71.54,252.56
80,194.22,237.02
80,202.4,246.84
80,322.63,207.58
80,335.72,216.57
80,325.9,239.47
80,320.18,257.47
80,353.71,272.19
80,226.12,98.8
80,233.48,120.06
80,216.3,128.24
80,211.4,165.05
80,222.03,176.5
80,221.21,201.85
80,149.44,384.6
80,135.44,285.8
80,306.79,160.31
80,152.04,192.67
80,92.04,276.22
80,367.21,318.0
80,221.51,289.18
80,216.36,303.46
80,258.02,282.03
80,177.08,355.44
80,174.3,377.65
80,345.69,147.99
80,245.65,166.44
80,258.35,179.75
80,242.62,209.4
80,234.75,234.21
80,259.56,223.32
80,268.03,216.66
80,200.87,280.8
80,198.45,295.33
80,163.35,262.05
80,148.23,252.97
80,139.75,231.19
80,274.25,135.24
80,182.96,190.37
80,150.86,306.55
80,178.21,250.07
80,290.44,216.84
88,257.37,330.57
88,249.59,313.01
88,276.94,325.68
88,276.27,286.32
88,269.38,263.64
88,293.4,255.19
88,293.84,244.07
88,326.53,293.21
88,182.49,350.67
88,232.98,334.92
88,229.88,323.08
88,221.98,303.63
88,224.8,287.84
88,212.96,291.51
88,202.53,297.71
88,204.51,282.77
88,197.46,310.4
88,165.6,288.13
88,179.98,289.82
88,142.49,285.31
88,148.13,268.68
88,378.51,245.18
88,382.33,255.76
88,339.55,214.89
88,339.34,226.33
88,338.91,237.98
88,369.41,217.22
88,411.55,217.22
88,368.77,193.71
88,300.37,190.84
88,282.62,210.92
88,289.63,220.73
88,225.65,241.51
88,238.49,237.54
88,259.04,284.71
88,144.25,217.7
88,136.24,182.22
88,123.65,204.92
88,122.32,171.54
88,208.72,197.1
88,224.17,202.63
88,194.61,239.63
88,204.15,247.64
88,178.78,251.27
88,80.66,279.37
88,81.44,298.46
88,112.94,268.35
88,101.52,243.94
88,89.71,255.95
88,69.63,254.38
88,109.98,220.33
88,112.94,231.74
88,136.75,262.64
88,154.4,310.96
88,168.68,116.02
88,173.42,165.11
88,240.93,133.31
88,232.84,156.31
88,215.47,126.06
88,206.96,170.72
88,187.47,192.08
88,160.3,195.82
88,308.28,153.29
88,285.39,147.98
88,274.97,135.87
88,264.08,162.15
88,250.28,171.54
88,299.62,228.68
88,275.96,227.75
88,261.55,226.46
88,233.28,261.14
88,222.0,266.36
88,233.91,274.3
88,195.69,274.09
88,273.31,172.68
88,257.46,186.4
88,269.18,216.76
88,246.0,207.31
88,128.62,238.04
88,165.93,251.15
88,171.98,215.05
88,170.57,225.94
88,233.1,102.44
88,230.75,120.64
88,221.65,174.44
88,311.33,127.69
88,232.71,188.69
88,311.42,267.19
88,355.58,266.38
88,255.51,247.75
88,243.35,246.94
88,243.35,259.09
88,256.32,259.9
88,171.49,386.47
1,78.34,274.38
1,98.45,314.2
1,110.8,300.46
1,135.4,281.66
1,119.57,259.26
1,123.33,241.87
1,126.78,224.48
1,103.59,216.96
1,120.83,201.6
1,92.78,197.53
1,173.08,201.58
1,208.91,196.57
1,199.28,335.28
1,142.25,333.35
1,257.46,319.48
1,259.38,307.93
1,170.19,138.05
1,178.99,187.06
1,221.44,162.67
1,269.43,127.59
1,287.91,228.5
1,276.11,222.76
1,286.31,213.03
1,296.12,267.37
1,311.37,302.68
1,331.71,292.51
1,267.87,265.68
1,412.75,254.49
1,380.77,338.0
1,314.16,129.08
1,282.97,113.26
1,266.7,144.89
1,280.94,170.88
1,276.29,154.22
1,271.93,185.23
1,298.41,187.41
1,319.09,231.49
1,306.4,238.2
1,289.71,256.16
1,322.36,264.68
1,339.05,254.52
1,264.86,286.27
1,263.23,244.37
1,253.97,184.15
1,222.23,200.29
1,234.57,234.21
1,228.04,242.73
1,230.58,138.8
1,207.58,244.38
1,194.14,244.38
1,187.91,302.73
1,176.11,352.28
1,156.97,265.17
1,239.97,281.8
1,224.4,301.84
1,235.67,302.73
1,274.78,234.98
1,269.24,198.75
1,294.39,316.89
1,279.16,342.73
1,215.71,143.83
1,244.32,177.52
1,259.78,225.29
1,242.47,223.44
1,241.78,210.98
1,244.32,238.44
1,252.16,245.59
1,220.55,267.51
1,225.8,257.36
1,202.78,168.06
1,347.74,199.53
1,310.33,173.97
1,224.29,175.21
1,190.0,258.76
1,171.92,251.9
1,151.74,204.69
1,183.76,202.02
1,175.66,212.62
1,181.27,221.97
1,142.61,256.27
1,148.22,245.67
1,134.51,242.55
1,131.66,150.27
1,155.71,288.69
1,150.72,301.16
1,197.48,293.67
1,210.57,301.16
1,233.64,331.71
1,151.34,182.69
1,143.24,221.97
1,137.0,200.78
1,112.88,169.07
1,225.01,107.1
2,77.91,270.32
2,91.07,312.61
2,101.84,212.86
2,118.6,257.55
2,124.59,223.24
2,170.87,199.3
2,206.77,196.51
2,255.05,317.79
2,195.2,334.55
2,259.84,306.22
2,312.1,304.23
2,328.46,292.66
2,286.57,227.63
2,273.8,221.64
2,284.97,212.86
2,221.54,161.8
2,266.22,126.69
2,172.06,139.45
2,178.05,184.94
2,295.34,267.92
2,191.21,242.39
2,266.62,265.53
2,156.1,288.67
2,139.35,334.55
2,335.24,231.62
2,313.7,126.29
2,273.8,154.22
2,270.21,182.14
2,117.0,198.1
2,149.32,202.89
2,128.57,147.83
2,205.98,243.98
2,188.42,255.55
2,223.13,299.84
2,236.7,303.03
2,241.48,175.76
2,219.94,198.5
2,198.0,168.98
2,213.95,142.65
2,298.54,183.34
2,263.43,241.19
2,273.4,236.0
2,257.84,225.63
2,308.11,269.52
2,321.68,264.33
2,338.43,251.17
2,291.36,318.59
2,263.43,283.88
2,233.9,233.21
2,228.32,240.79
2,202.38,276.3
2,192.41,281.09
2,123.39,239.2
2,132.17,281.09
2,111.02,301.83
2,109.03,167.38
2,146.93,180.95
2,247.07,191.32
2,255.85,195.71
2,238.29,210.87
2,223.93,107.14
2,231.91,135.46
2,265.02,141.05
2,344.42,199.3
2,317.69,230.82
2,303.72,236.8
2,310.51,174.16
2,171.66,211.27
2,148.52,297.85
2,169.67,250.77
2,168.07,263.53
2,155.7,263.13
2,289.76,256.75
2,278.19,342.13
2,229.12,331.76
2,411.63,253.39
2,381.44,334.14
2,169.39,289.2
2,182.03,289.2
2,184.13,300.44
2,208.71,301.84
2,182.03,321.5
2,139.19,220.39
2,132.17,238.65
2,180.62,199.33
2,219.94,175.45
2,250.84,157.9
2,284.54,108.75
2,281.03,171.24
2,282.43,187.39
2,303.5,256.2
2,290.16,292.01
2,307.01,289.2
2,201.69,252.69
2,181.32,223.9
2,204.49,228.11
2,156.05,164.22
2,109.0,279.37
3,74.4,269.86
3,84.98,318.21
3,109.15,303.86
3,140.89,337.1
3,176.39,353.72
3,193.02,339.37
3,252.7,319.72
3,259.5,307.64
3,232.3,302.35
3,220.97,301.59
3,208.13,303.86
3,155.24,289.5
3,131.06,283.46
3,114.44,257.77
3,119.73,239.64
3,124.27,223.02
3,99.33,213.95
3,87.25,193.55
3,116.71,200.35
3,108.4,169.38
3,126.53,153.51
3,147.69,203.38
3,168.08,200.35
3,180.93,201.87
3,176.39,187.51
3,171.86,139.91
3,199.06,168.62
3,178.66,167.87
3,218.69,161.82
3,205.1,197.33
3,190.75,243.42
3,187.73,257.74
3,205.1,244.93
3,153.73,266.84
3,165.82,266.84
3,168.84,253.24
3,212.66,142.94
3,227.01,133.87
3,264.03,127.07
3,262.52,142.94
3,273.85,155.02
3,270.08,182.22
3,253.46,182.22
3,240.61,179.2
3,241.37,191.29
3,253.46,196.58
3,236.08,213.2
3,214.93,198.84
3,232.3,232.84
3,224.75,241.91
3,255.72,227.55
3,261.77,240.4
3,271.59,234.35
3,271.59,223.77
3,282.92,214.71
3,285.94,229.82
3,263.28,265.33
3,262.52,284.22
3,308.78,128.95
3,332.1,159.32
3,306.61,176.13
3,295.76,185.9
3,344.57,199.45
3,409.11,255.32
3,291.42,268.33
3,286.54,256.4
3,288.17,293.28
3,290.34,318.23
3,307.69,305.76
3,327.22,295.45
3,304.98,273.22
3,321.25,265.62
3,337.52,254.78
3,333.18,234.71
3,313.66,230.91
3,277.86,345.35
3,237.55,240.12
3,148.47,183.26
3,232.38,251.63
3,224.88,258.26
3,215.6,265.32
3,189.56,284.3
3,197.94,278.56
3,249.95,247.27
3,203.42,290.8
3,280.0,186.84
3,265.64,195.77
3,283.19,112.0
3,222.39,109.0
4,75.46,267.11
4,85.54,319.39
4,87.41,198.77
4,103.47,210.72
4,117.66,198.4
4,107.95,168.9
4,128.11,153.21
4,147.16,180.85
4,149.77,201.39
4,124.38,223.04
4,120.64,239.48
4,116.91,256.28
4,131.1,282.05
4,110.19,300.72
4,142.3,333.58
4,193.09,339.56
4,180.02,351.13
4,157.99,287.27
4,155.75,265.99
4,156.87,245.08
4,168.82,196.53
4,177.03,181.22
4,174.79,137.53
4,205.79,195.04
4,219.23,159.94
4,214.75,140.52
4,230.8,130.06
4,265.91,125.95
4,224.83,104.29
4,200.18,164.79
4,239.39,209.23
4,260.68,304.83
4,258.07,316.78
4,308.1,307.44
4,327.15,292.5
4,285.33,227.15
4,292.79,265.99
4,274.87,220.06
4,289.43,210.35
4,276.36,152.09
4,220.72,198.03
4,233.42,232.38
4,266.28,264.87
4,264.04,285.03
4,224.46,301.47
4,234.91,301.09
4,186.74,302.21
4,190.85,241.34
4,188.23,254.41
4,206.91,242.46
4,170.68,251.8
4,180.02,200.27
4,268.52,180.85
4,298.4,181.22
4,309.6,170.39
4,312.96,125.21
4,316.32,225.29
4,333.12,232.01
4,321.92,263.38
4,218.86,174.87
4,103.21,276.17
4,144.92,293.35
4,263.96,143.5
4,289.92,253.99
4,273.78,232.14
4,264.26,237.68
4,257.89,225.6
4,349.52,195.36
4,411.75,251.12
4,306.61,235.88
4,341.47,251.37
4,292.66,314.78
4,247.73,162.02
4,244.45,178.82
4,256.9,180.11
4,256.85,191.84
4,265.96,194.35
4,228.18,240.91
4,132.7,238.55
4,164.63,180.55
4,282.05,267.57
4,284.12,280.01
4,291.93,290.37
4,239.24,280.64
4,242.48,314.27
4,206.85,302.31
4,195.14,293.34
4,186.91,270.42
4,157.51,336.7
4,168.47,263.85
4,239.93,241.95
4,190.07,230.63
4,180.55,236.54
4,143.02,254.54
4,147.9,245.28
4,285.85,107.89
4,281.78,185.75
4,279.71,341.78
4,262.07,352.63
4,214.75,281.94
4,250.82,243.87
4,243.74,251.6
4,238.97,261.64
4,252.14,262.13
4,257.56,292.07
4,251.64,281.05
4,243.74,272.0
4,244.07,289.28
4,231.24,289.77
4,226.14,280.23
4,324.11,241.05
5,104.92,210.86
5,124.83,223.01
5,117.07,258.79
5,170.39,198.04
5,175.79,139.65
5,176.8,182.17
5,209.88,197.36
5,195.03,341.82
5,222.03,159.22
5,216.97,139.99
5,287.95,211.75
5,275.62,220.85
5,289.71,227.01
5,292.94,254.02
5,296.17,265.76
5,266.52,264.88
5,266.22,287.19
5,263.88,306.27
5,259.47,317.14
5,295.58,315.38
5,270.92,126.32
5,266.81,142.47
5,268.87,181.22
5,256.24,181.22
5,246.56,177.99
5,107.12,170.65
5,127.08,153.63
5,118.86,199.71
5,88.33,323.01
5,105.06,277.51
5,141.76,335.34
5,146.45,290.13
5,160.25,288.66
5,158.2,266.94
5,170.23,265.47
5,174.05,253.43
5,188.14,304.81
5,227.18,302.46
5,240.1,303.63
5,312.86,309.81
5,329.21,294.69
5,323.23,266.21
5,341.16,250.39
5,318.31,227.36
5,307.58,235.62
5,351.84,193.26
5,301.29,178.95
5,315.69,124.83
5,279.92,154.03
5,233.3,130.82
5,148.55,204.32
5,77.12,266.65
5,111.89,299.91
5,166.73,181.4
5,121.28,239.25
5,132.12,238.04
5,196.55,243.73
5,193.25,253.77
5,209.1,242.58
5,235.66,233.9
5,228.28,241.98
5,241.03,209.93
5,202.32,166.83
5,262.92,228.89
5,268.29,241.01
5,276.69,233.85
5,284.84,269.88
5,284.21,186.94
5,253.92,194.22
5,222.92,173.79
5,222.92,199.39
5,227.62,102.64
5,185.83,290.82
5,193.21,282.01
5,203.66,277.09
5,180.91,352.72
5,241.79,242.79
5,234.83,250.67
5,228.96,258.19
5,219.14,269.66
5,181.37,198.19
5,133.78,282.69
5,230.78,333.02
5,291.21,238.61
5,296.13,292.1
5,271.53,250.29
5,336.25,233.05
5,308.87,273.62
5,284.95,342.02
5,286.88,109.39
5,159.37,246.15
8,77.18,269.72
8,108.04,211.56
8,121.81,224.13
8,114.56,265.71
8,167.99,199.96
8,181.04,136.14
8,209.08,196.67
8,175.96,178.69
8,173.83,252.69
8,165.07,263.26
8,156.32,272.39
8,161.43,289.53
8,143.18,293.18
8,129.69,284.06
8,112.17,302.67
8,136.98,335.86
8,195.35,339.15
8,261.39,320.54
8,265.76,306.68
8,238.4,307.77
8,210.68,306.31
8,197.91,243.56
8,208.85,246.48
8,146.83,204.53
8,105.24,172.79
8,271.97,187.38
8,272.33,124.63
8,226.36,102.01
8,215.78,142.87
8,223.81,159.29
8,270.87,268.01
8,279.99,224.59
8,291.67,215.84
8,292.03,231.16
8,120.93,241.38
8,81.23,325.79
8,109.24,357.1
8,203.78,257.46
8,191.96,252.6
8,187.45,271.71
8,188.14,307.14
8,203.43,278.31
8,229.49,242.87
8,236.78,236.27
8,241.65,209.86
8,223.58,200.48
8,203.43,167.47
8,179.11,199.79
8,185.71,222.37
8,146.1,183.8
8,115.53,195.96
8,128.38,208.82
8,278.5,154.88
8,271.71,144.79
8,233.67,130.43
8,299.65,176.03
8,282.38,173.12
8,260.65,180.3
8,257.74,195.43
8,247.64,180.49
8,226.88,173.7
8,277.03,238.36
8,292.88,255.26
8,297.75,266.58
8,316.04,314.82
8,322.66,264.66
8,331.19,297.4
8,361.32,331.54
8,339.03,250.9
8,318.83,230.0
8,334.15,228.61
8,357.84,189.94
8,310.47,276.15
8,267.97,286.6
8,264.84,242.89
8,294.67,317.32
8,294.89,291.9
8,285.81,271.24
8,319.93,124.86
8,239.39,282.91
8,176.23,351.23
8,225.38,305.66
8,287.22,109.79
8,271.5,159.4
8,255.23,247.04
8,267.39,228.12
8,218.83,271.02
8,235.43,335.48
8,123.44,154.34
8,264.91,357.82
8,283.73,343.88
8,215.2,281.22
8,174.52,301.38
8,220.27,218.6
9,76.95,319.03
9,74.12,265.97
9,110.5,264.52
9,117.76,223.67
9,104.91,208.12
9,109.67,193.6
9,100.55,172.45
9,108.7,300.1
9,126.28,279.87
9,140.65,290.12
9,133.6,329.39
9,115.87,239.99
9,163.98,198.52
9,142.96,202.55
9,140.66,180.77
9,154.13,267.63
9,153.84,288.77
9,186.55,248.67
9,190.22,336.08
9,199.11,164.94
9,206.21,193.75
9,172.5,175.74
9,178.3,132.76
9,212.46,139.17
9,220.2,156.34
9,229.82,128.04
9,257.32,318.25
9,260.96,304.81
9,221.73,302.27
9,267.12,263.75
9,264.81,282.96
9,288.46,252.19
9,294.33,263.57
9,284.91,266.42
9,289.88,313.37
9,313.47,309.45
9,276.39,222.16
9,288.9,229.3
9,288.78,213.22
9,274.13,234.78
9,232.21,232.04
9,268.42,183.42
9,281.16,185.75
9,295.26,171.92
9,256.51,179.04
9,269.23,119.8
9,316.8,124.43
9,325.69,294.74
9,316.81,262.48
9,335.84,247.89
9,315.38,227.1
9,263.57,239.8
9,263.96,225.51
9,224.66,239.6
9,204.54,243.12
9,219.1,197.03
9,199.81,276.95
9,188.75,280.51
9,184.63,290.25
9,180.5,302.81
9,267.91,139.24
9,274.5,150.98
9,245.08,162.39
9,356.85,184.87
9,352.47,322.1
9,245.19,176.75
9,233.49,331.61
9,195.02,242.07
9,269.73,197.08
9,238.43,210.42
9,141.02,234.78
9,145.86,241.91
9,155.29,231.55
9,171.64,248.82
9,168.19,258.03
9,170.23,206.74
9,177.43,197.34
9,138.22,214.57
9,126.62,207.54
9,218.21,266.27
9,252.79,245.32
9,233.14,247.41
9,207.05,288.26
9,207.81,302.69
9,170.93,347.32
9,223.67,97.24
9,328.43,211.72
9,333.48,226.61
9,222.87,169.62
11,365.97,186.81
11,328.49,296.48
11,318.24,313.38
11,299.26,266.33
11,292.04,256.95
11,273.15,264.63
11,290.99,315.28
11,263.8,307.8
11,261.08,321.79
11,279.66,224.96
11,291.23,230.98
11,291.57,215.82
11,318.19,228.91
11,338.4,225.15
11,270.68,116.16
11,166.28,201.8
11,180.74,132.03
11,174.13,176.12
11,225.07,157.75
11,111.28,266.24
11,112.76,209.99
11,121.04,226.55
11,109.39,198.34
11,137.16,327.25
11,114.56,300.88
11,79.49,321.45
11,191.11,337.21
11,154.7,295.24
11,157.68,271.86
11,127.35,282.99
11,145.57,202.34
11,209.5,197.11
11,260.66,178.92
11,272.0,186.08
11,302.73,173.28
11,276.92,236.67
11,263.29,239.56
11,267.6,229.85
11,210.68,244.39
11,198.03,244.12
11,189.95,252.92
11,232.38,129.86
11,318.66,124.57
11,272.78,141.66
11,280.05,152.74
11,225.78,99.41
11,204.7,167.41
11,216.54,139.58
11,317.21,261.97
11,310.19,274.76
11,287.2,340.71
11,236.61,234.48
11,227.0,243.21
11,223.94,199.38
11,229.52,209.56
11,249.72,166.09
11,249.0,177.94
11,256.95,193.31
11,144.96,178.26
11,136.35,189.75
11,120.98,245.15
11,76.0,272.4
11,120.6,155.66
11,184.31,199.5
11,176.92,249.67
11,171.67,260.06
11,239.14,305.61
11,185.11,306.9
11,175.48,301.74
11,185.4,289.52
11,219.8,270.34
11,225.07,301.7
11,239.11,284.03
11,351.55,317.25
11,177.88,343.8
11,141.76,288.95
11,224.83,174.83
11,294.82,290.97
11,216.79,184.75
12,263.38,114.8
12,287.04,230.34
12,276.08,224.31
12,293.76,267.27
12,267.69,264.91
12,257.62,306.56
12,256.31,320.06
12,162.75,201.81
12,114.18,229.13
12,105.55,265.34
12,322.85,293.8
12,317.71,313.65
12,220.32,157.76
12,172.94,131.0
12,68.73,270.47
12,75.37,320.71
12,106.32,301.87
12,129.15,327.39
12,102.63,200.5
12,109.92,212.38
12,82.83,198.69
12,95.14,175.12
12,118.49,158.88
12,140.67,177.8
12,148.85,164.15
12,141.08,202.25
12,169.56,177.05
12,115.55,246.47
12,117.94,279.53
12,148.49,297.99
12,172.94,248.76
12,203.9,246.7
12,191.95,243.53
12,184.9,254.62
12,177.99,223.95
12,202.9,196.59
12,217.44,198.75
12,219.31,175.57
12,197.28,168.37
12,177.27,199.04
12,224.41,207.08
12,237.83,211.73
12,231.95,234.8
12,222.65,243.49
12,171.19,214.12
12,152.31,271.76
12,164.25,257.36
12,185.84,336.72
12,180.97,306.57
12,168.74,300.63
12,182.92,293.0
12,188.3,283.82
12,197.81,282.06
12,206.02,303.95
12,219.35,301.38
12,231.27,305.82
12,167.68,380.87
12,254.89,358.19
12,260.5,285.48
12,250.21,247.84
12,259.33,240.82
12,271.02,237.78
12,287.05,256.66
12,303.54,237.23
12,314.15,229.89
12,336.68,225.48
12,309.58,261.23
12,364.95,181.59
12,316.48,125.8
12,295.97,172.13
12,288.15,154.57
12,272.36,153.83
12,268.82,140.56
12,267.34,184.08
12,287.56,215.95
12,256.13,180.1
12,282.76,268.01
12,278.49,337.65
12,284.1,314.22
12,244.23,178.95
12,212.03,140.31
12,226.72,128.04
12,219.27,100.26
12,334.71,246.8
12,134.71,285.55
12,254.38,192.15
12,268.68,197.91
12,280.57,185.09
12,245.28,162.43
12,261.42,228.29
12,208.55,235.38
12,219.77,230.36
12,199.39,257.83
12,133.28,218.68
12,127.45,235.35
12,131.28,252.19
12,91.73,355.85
12,345.17,312.76
12,341.26,271.77
12,327.76,264.44
12,306.45,275.51
12,232.98,281.02
12,209.88,183.99
12,170.4,346.44
48,144.47,128.66
48,155.83,204.23
48,285.15,215.98
48,278.87,203.03
48,302.71,199.98
48,296.04,244.13
48,296.83,256.4
48,209.11,195.14
48,233.27,149.86
48,251.37,131.05
48,96.06,248.95
48,109.15,214.52
48,157.68,324.91
48,127.65,266.04
48,147.31,273.69
48,133.84,281.15
48,127.77,249.7
48,129.38,207.26
48,92.79,282.59
48,88.83,313.94
48,115.54,229.13
48,125.7,221.92
48,130.62,237.78
48,178.69,170.4
48,184.98,191.07
48,123.06,188.99
48,217.74,139.59
48,234.78,123.09
48,260.41,307.06
48,259.02,322.48
48,300.36,298.96
48,322.4,283.95
48,394.75,259.52
48,269.43,161.84
48,288.01,165.39
48,307.55,169.63
48,238.8,235.73
48,227.06,235.73
48,203.23,243.55
48,193.8,237.41
48,171.15,248.69
48,218.46,294.14
48,202.62,273.44
48,178.32,211.71
48,272.16,211.91
48,257.17,186.12
48,245.94,180.84
48,325.27,221.82
48,73.25,290.97
48,78.9,262.7
48,139.57,301.36
48,290.27,340.02
48,284.46,313.48
48,273.87,259.8
48,380.92,177.64
48,389.07,205.87
48,351.33,235.31
48,317.24,138.62
48,210.76,162.38
48,221.35,200.32
48,243.25,209.43
48,182.88,252.51
48,265.36,286.47
48,239.18,273.53
48,296.51,224.18
48,278.65,225.18
48,264.26,222.59
48,277.81,141.69
48,288.97,152.36
48,232.36,300.42
48,181.96,226.07
48,328.23,242.15
48,342.97,148.04
49,159.61,204.83
49,147.87,127.66
49,80.13,259.18
49,93.14,250.35
49,92.21,281.02
49,76.87,288.93
49,89.89,313.1
49,113.13,210.84
49,132.65,207.12
49,125.68,224.78
49,131.72,249.88
49,126.61,264.76
49,135.44,279.63
49,149.38,270.33
49,142.88,300.55
49,159.61,326.11
49,127.54,190.85
49,103.37,165.29
49,259.08,323.32
49,261.86,308.91
49,264.19,284.28
49,273.48,260.57
49,212.13,193.64
49,236.3,148.56
49,252.57,129.96
49,238.16,120.2
49,226.54,103.47
49,220.03,137.87
49,210.74,159.25
49,271.16,160.64
49,281.39,202.47
49,288.82,217.35
49,307.88,199.68
49,299.98,256.39
49,319.96,283.35
49,304.63,297.76
49,396.19,259.18
49,355.75,233.61
49,308.37,166.73
49,290.8,167.38
49,291.12,152.58
49,280.88,139.24
49,260.22,185.76
49,274.86,177.63
49,297.65,243.02
49,329.79,238.56
49,289.2,315.75
49,242.28,235.04
49,248.38,208.53
49,267.85,222.37
49,281.93,225.42
49,206.27,243.79
49,197.24,237.27
49,188.12,225.26
49,171.45,248.45
49,223.05,294.63
49,198.62,304.62
49,175.85,341.27
49,225.79,200.64
49,248.86,175.72
49,386.75,176.73
49,390.95,211.14
49,345.62,149.86
49,325.06,222.26
49,295.26,281.23
49,299.14,222.75
49,180.14,168.19
49,174.63,181.75
49,179.93,195.41
49,190.33,188.89
49,140.99,185.01
49,188.68,251.87
49,200.5,254.4
49,208.66,262.03
49,237.86,299.31
49,229.26,237.94
49,166.54,260.89
49,92.61,219.56
49,349.17,255.63
49,323.48,253.54
49,269.28,236.63
49,259.1,246.01
49,261.65,256.71
49,240.97,273.45
49,242.44,257.93
49,222.79,261.15
49,260.15,173.06
49,295.94,336.98
49,224.19,367.94
51,77.97,264.21
51,89.63,251.15
51,108.75,209.17
51,121.81,223.16
51,127.87,206.37
51,121.81,187.25
51,142.33,187.72
51,158.19,206.84
51,146.06,128.48
51,176.38,168.13
51,163.32,165.33
51,185.24,191.45
51,174.05,198.44
51,177.31,213.84
51,151.66,275.4
51,133.0,278.2
51,120.88,264.21
51,127.87,249.28
51,143.73,245.09
51,85.43,281.93
51,68.17,295.46
51,84.03,315.05
51,112.48,336.04
51,138.6,304.32
51,156.79,327.18
51,175.91,343.97
51,194.57,309.92
51,208.56,197.04
51,208.56,160.2
51,217.89,175.12
51,233.75,149.94
51,251.01,134.08
51,231.89,121.02
51,272.93,164.39
51,257.07,174.19
51,245.88,175.59
51,242.61,211.5
51,276.66,206.37
51,285.99,216.63
51,303.25,201.71
51,307.91,169.53
51,285.99,156.0
51,281.79,138.28
51,300.92,147.6
51,325.17,240.89
51,327.04,221.3
51,353.62,228.76
51,297.18,243.69
51,295.79,259.08
51,311.64,281.93
51,304.65,301.99
51,258.47,310.39
51,256.14,325.78
51,263.14,286.6
51,271.53,261.88
51,201.73,246.99
51,193.47,237.22
51,182.02,255.74
51,181.34,296.85
51,169.55,290.61
51,160.96,263.66
51,168.88,252.88
51,217.72,369.39
51,234.54,304.05
51,220.4,294.79
51,215.28,314.05
51,227.47,329.65
51,275.08,228.15
51,264.35,227.31
51,202.53,277.98
51,196.07,258.59
51,225.19,270.69
51,224.07,200.48
51,215.71,141.97
51,236.3,235.25
51,227.33,243.67
51,255.85,245.3
51,383.56,178.34
51,386.18,260.94
51,293.63,338.85
51,287.88,315.58
51,258.76,187.35
51,344.24,154.89
51,382.2,216.83
51,273.59,194.19
52,81.31,258.04
52,92.55,246.0
52,71.67,289.76
52,88.54,276.11
52,84.52,311.84
52,118.65,326.69
52,163.61,325.09
52,145.14,300.2
52,150.36,270.89
52,134.3,272.9
52,122.26,261.66
52,129.08,248.01
52,125.47,220.31
52,110.62,203.04
52,128.68,183.37
52,161.6,203.85
52,178.06,163.7
52,150.36,125.56
52,185.69,249.21
52,196.93,231.55
52,205.36,242.79
52,186.9,221.51
52,211.38,190.2
52,186.9,185.38
52,213.39,158.08
52,197.33,305.42
52,146.35,398.15
52,167.49,257.84
52,176.71,272.36
52,171.96,286.05
52,159.67,239.4
52,144.59,244.15
52,144.03,228.23
52,145.15,179.91
52,103.05,215.75
52,103.62,273.23
52,131.98,202.57
52,113.77,185.97
52,100.16,168.21
52,181.06,206.95
52,172.01,247.54
52,197.96,254.48
52,201.04,271.43
52,229.3,265.01
52,238.03,257.82
52,230.07,237.27
52,238.8,230.33
52,225.96,196.93
52,224.42,185.89
52,219.79,168.68
52,216.71,139.65
52,239.32,143.5
52,253.96,129.11
52,235.98,115.75
52,276.31,159.17
52,260.64,169.7
52,248.05,174.07
52,260.13,182.29
52,246.51,203.87
52,221.08,290.19
52,217.22,308.43
52,235.21,300.72
52,225.96,322.3
52,258.07,320.25
52,260.13,305.86
52,265.52,278.63
52,274.0,256.28
52,265.01,221.85
52,273.48,212.09
52,280.16,221.34
52,281.71,201.82
52,287.56,212.83
52,297.2,237.28
52,296.51,250.71
52,312.01,276.88
52,309.6,294.1
52,295.48,334.73
52,294.1,314.42
52,290.31,278.95
52,286.18,257.6
52,305.12,195.62
52,313.73,159.81
52,327.16,238.66
52,287.56,149.47
52,283.77,135.36
52,322.34,133.29
52,215.94,274.47
52,385.86,174.2
52,343.2,147.56
52,329.34,215.95
52,376.5,213.79
52,357.47,220.46
52,298.33,218.68
52,268.89,234.74
52,256.69,242.47
52,357.82,275.78
52,385.48,252.88
52,219.39,361.89
52,216.44,219.93
52,218.03,249.01
52,260.14,207.78
52,290.1,192.92
52,224.19,224.99
52,232.32,205.53
52,195.89,149.61
52,298.42,266.95
52,308.09,253.23
52,246.61,248.51
52,260.31,266.91
52,246.82,263.1
52,240.15,273.73
52,226.98,272.14
52,174.21,215.8
52,282.94,237.03
53,88.9,249.5
53,77.62,262.65
53,83.01,281.56
53,104.73,206.92
53,122.87,208.74
53,159.88,210.55
53,145.73,129.64
53,253.49,325.96
53,304.42,281.73
53,307.44,303.52
53,291.47,256.05
53,277.66,209.65
53,284.35,217.21
53,297.73,200.38
53,206.86,197.25
53,248.89,134.05
53,233.25,149.5
53,267.94,263.53
53,322.32,245.79
53,292.56,243.78
53,124.26,186.6
53,108.77,190.11
53,142.34,189.0
53,174.61,170.37
53,127.21,253.19
53,117.07,265.73
53,130.35,278.83
53,147.5,275.14
53,139.76,303.73
53,161.18,331.71
53,194.57,240.56
53,202.54,249.97
53,182.95,254.15
53,168.72,254.41
53,235.07,237.33
53,224.01,245.5
53,220.6,203.11
53,241.2,178.43
53,243.58,210.09
53,253.96,174.17
53,270.48,165.83
53,218.68,174.54
53,208.83,162.48
53,218.23,188.82
53,186.4,190.5
53,200.82,214.68
53,194.87,224.81
53,204.32,234.26
53,215.31,291.28
53,259.13,285.42
53,257.11,309.25
53,212.28,312.68
53,198.35,276.53
53,185.82,284.61
53,162.2,263.0
53,326.31,221.41
53,350.52,223.73
53,362.72,222.18
53,337.21,153.48
53,308.76,168.71
53,276.68,141.63
53,282.18,156.98
53,381.01,177.61
53,275.37,226.27
53,261.96,227.49
53,288.43,317.33
53,291.21,338.03
53,212.57,144.58
53,80.42,317.58
53,303.6,259.76
53,275.96,179.61
53,273.07,198.03
53,188.84,308.82
53,168.34,279.07
53,117.91,223.17
53,221.59,106.86
53,230.82,120.6
53,227.87,292.89
53,242.49,292.43
53,234.32,279.89
53,224.78,305.88
53,225.05,269.72
53,233.77,263.09
53,245.04,268.17
53,283.05,285.92
53,264.58,237.4
53,96.52,173.67
78,71.16,253.2
78,99.32,249.83
78,162.62,218.18
78,138.88,191.81
78,165.69,289.84
78,163.06,117.52
78,179.76,164.56
78,213.17,199.28
78,236.03,150.49
78,246.58,136.42
78,235.59,121.48
78,217.56,131.59
78,214.93,162.8
78,226.79,201.92
78,239.1,234.45
78,259.76,306.1
78,256.69,325.44
78,282.18,305.66
78,260.64,283.24
78,274.71,262.58
78,297.57,254.23
78,300.2,242.8
78,302.4,224.78
78,291.85,218.62
78,286.58,208.51
78,293.61,194.89
78,275.59,192.25
78,272.51,216.87
78,309.87,163.24
78,326.58,289.84
78,197.34,240.16
78,191.19,252.91
78,183.28,248.96
78,170.97,248.96
78,123.53,205.59
78,108.95,215.22
78,114.63,269.03
78,131.73,254.59
78,271.57,165.94
78,275.75,176.89
78,261.75,177.37
78,248.55,169.48
78,276.24,132.45
78,246.54,209.72
78,331.45,225.01
78,324.85,240.27
78,350.03,214.08
78,348.35,152.17
78,261.96,191.23
78,225.89,292.27
78,229.94,272.87
78,189.74,191.2
78,174.8,194.79
78,222.63,173.05
78,80.39,313.24
78,138.52,285.96
78,204.8,248.88
78,229.26,240.02
78,123.73,172.06
78,289.11,154.05
78,222.57,307.69
78,193.74,307.57
78,131.94,361.57
78,147.76,387.68
78,81.74,288.02
78,97.9,278.64
78,95.12,262.47
78,282.56,320.31
78,289.24,265.12
78,208.46,282.85
78,279.81,225.2
78,264.31,225.66
78,178.2,217.92
78,113.06,227.91
78,370.97,187.27
78,331.58,201.3
78,157.05,194.09
78,126.54,192.24
78,111.25,187.2
78,164.91,260.94
78,156.48,274.32
78,145.57,270.78
78,155.02,307.38
78,340.03,281.42
78,317.7,258.22
78,95.39,198.47
78,246.15,294.59
78,234.08,262.1
78,230.81,101.45
78,229.48,333.25
78,201.06,274.98
78,205.01,214.23
78,114.35,294.01
78,359.33,269.8
78,374.69,323.8
78,307.04,269.5
78,297.21,277.55
78,185.11,227.2
78,197.44,228.08
78,209.58,224.68
78,206.47,295.47
78,201.46,320.96
78,188.91,358.76
78,314.19,132.0
78,245.23,222.47
78,260.83,141.23
78,251.94,150.97
78,268.0,157.97
78,290.72,170.78
78,303.19,177.61
78,211.52,143.03
78,269.03,272.29
78,254.67,272.29
78,246.05,281.52
78,142.21,209.9
78,115.56,250.55
79,73.4,310.67
79,74.37,285.93
79,88.37,256.3
79,92.93,243.6
79,108.56,264.76
79,132.98,281.69
79,126.47,250.43
79,104.98,212.34
79,117.03,201.92
79,122.56,191.5
79,134.61,188.24
79,156.1,214.62
79,252.39,321.09
79,254.77,303.25
79,209.48,195.55
79,241.07,130.54
79,231.23,146.56
79,161.48,289.07
79,281.15,205.81
79,288.45,214.27
79,291.34,250.8
79,322.06,284.07
79,271.17,258.82
79,278.6,300.4
79,158.71,114.41
79,145.79,383.66
79,348.98,209.74
79,328.03,218.68
79,321.2,234.93
79,343.57,146.65
79,306.14,155.83
79,285.42,151.83
79,266.82,160.77
79,288.95,190.2
79,268.47,211.15
79,275.53,223.86
79,258.35,222.21
79,295.31,239.16
79,296.96,220.8
79,212.92,126.4
79,231.51,118.4
79,222.57,199.61
79,241.64,205.26
79,236.93,230.92
79,222.1,237.75
79,220.45,287.89
79,257.17,278.95
79,251.99,243.4
79,200.89,243.72
79,191.46,236.0
79,183.31,187.11
79,176.44,172.53
79,174.3,159.23
79,118.54,167.38
79,98.39,169.52
79,151.57,190.54
79,157.57,236.43
79,166.58,245.87
79,196.17,269.46
79,204.75,279.32
79,199.6,293.48
79,178.59,244.58
79,272.52,314.49
79,283.67,325.64
79,166.58,308.92
79,152.0,302.48
79,272.95,130.07
79,285.81,132.21
79,311.98,124.49
79,226.2,93.61
79,218.91,169.52
79,209.04,160.52
79,255.36,187.11
79,271.66,187.54
79,160.15,258.31
79,338.47,234.25
79,351.5,268.23
79,323.62,197.64
79,222.72,270.88
79,215.24,262.3
79,216.18,301.13
79,315.2,252.97
81,350.73,150.48
81,357.84,214.13
81,339.86,220.3
81,323.93,257.54
81,331.38,242.13
81,326.24,289.65
81,297.22,258.31
81,300.3,246.75
81,305.7,225.95
81,295.68,216.44
81,286.17,209.0
81,293.37,195.13
81,256.12,325.86
81,252.78,309.17
81,275.64,317.39
81,294.65,321.24
81,262.8,285.28
81,273.59,263.45
81,281.29,222.87
81,271.02,214.9
81,264.86,225.95
81,267.94,235.71
81,239.94,235.71
81,248.42,210.28
81,263.57,177.15
81,260.23,193.07
81,273.85,166.87
81,291.05,154.29
81,310.58,159.42
81,316.48,127.57
81,245.33,135.28
81,278.47,138.36
81,251.76,171.75
81,253.3,153.26
81,234.29,154.8
81,164.17,116.27
81,164.17,219.53
81,215.03,198.98
81,227.61,204.89
81,230.44,241.1
81,167.51,293.5
81,204.75,250.35
81,198.33,240.07
81,191.4,254.2
81,183.69,248.81
81,170.08,250.35
81,197.56,274.49
81,226.58,288.11
81,200.9,297.1
81,139.77,188.45
81,125.13,203.6
81,112.03,215.42
81,102.27,248.81
81,117.42,270.38
81,140.02,287.59
81,135.91,256.77
81,124.1,173.04
81,102.01,174.06
81,177.27,163.02
81,160.57,195.64
81,216.57,168.16
81,224.02,175.6
81,218.62,130.14
81,236.86,119.87
81,230.95,101.89
81,152.87,307.37
81,78.27,309.07
81,80.34,287.27
81,71.45,254.03
81,178.5,289.21
81,148.1,267.02
81,165.62,262.44
81,191.07,229.52
81,259.21,247.29
81,250.71,255.6
81,238.84,249.67
81,305.17,181.94
81,315.47,196.17
81,328.1,208.68
81,231.1,274.98
81,100.9,194.98
81,283.91,299.28
82,291.01,250.68
82,318.69,284.95
82,275.19,291.16
82,266.53,309.24
82,250.9,320.35
82,245.25,304.16
82,255.04,280.24
82,268.03,258.96
82,259.94,219.98
82,280.65,202.09
82,288.75,211.32
82,325.66,235.61
82,334.13,214.52
82,321.7,203.79
82,288.94,189.85
82,269.35,160.29
82,233.2,229.78
82,224.16,235.24
82,209.28,191.74
82,345.55,144.49
82,307.6,152.66
82,237.28,128.98
82,229.08,147.7
82,215.13,124.58
82,228.81,113.55
82,156.56,213.61
82,132.96,182.54
82,199.22,243.97
82,192.44,234.75
82,186.42,246.14
82,176.45,244.07
82,162.25,245.67
82,158.86,288.56
82,94.75,240.72
82,88.98,251.96
82,67.66,250.04
82,73.24,300.4
82,73.45,283.79
82,88.52,270.1
82,110.41,264.64
82,105.31,211.86
82,120.13,199.93
82,134.44,282.38
82,127.99,253.2
82,146.08,304.31
82,159.79,110.86
82,172.31,158.75
82,118.62,167.83
82,182.49,184.58
82,210.93,162.98
82,221.33,199.73
82,242.1,204.45
82,254.65,172.75
82,244.33,163.79
82,265.47,209.92
82,150.38,190.41
82,141.03,264.29
82,157.62,258.26
82,155.51,235.04
82,194.41,291.73
82,198.93,276.66
82,204.36,267.01
82,224.56,267.31
82,218.23,286.91
82,214.91,297.46
82,189.28,268.21
82,166.36,307.72
82,241.52,238.57
82,252.25,241.66
82,224.96,326.59
82,287.13,147.16
82,271.15,132.06
82,185.5,222.23
82,192.45,303.7
82,292.28,270.89
82,321.53,251.68
82,291.42,238.14
82,274.09,218.2
82,225.24,94.3
82,198.43,126.31
82,270.29,170.98
82,266.48,184.66
82,267.35,197.3
82,173.88,218.5
82,216.05,227.31
82,214.98,172.06
82,355.16,207.73
82,293.03,316.15
86,143.95,219.01
86,161.37,289.43
86,99.55,218.05
86,96.68,248.85
86,120.08,205.64
86,130.1,182.73
86,162.57,112.54
86,206.01,196.33
86,226.3,153.84
86,239.43,135.7
86,250.85,332.5
86,240.94,312.12
86,269.31,320.66
86,264.35,265.03
86,289.13,255.39
86,317.78,290.36
86,268.75,295.6
86,194.39,296.97
86,199.35,247.95
86,189.44,240.24
86,186.13,253.46
86,174.29,250.15
86,159.69,250.43
86,150.33,240.24
86,134.08,244.37
86,126.92,260.07
86,143.99,266.13
86,136.28,284.58
86,223.04,241.34
86,256.36,227.57
86,275.36,212.15
86,284.73,220.13
86,306.49,155.69
86,285.83,150.46
86,262.7,161.75
86,210.37,129.52
86,335.04,221.67
86,330.84,237.5
86,319.85,252.36
86,300.96,266.74
86,357.97,302.59
86,387.85,259.31
86,265.54,175.36
86,256.06,175.12
86,243.02,170.62
86,204.14,170.38
86,230.22,101.4
86,225.0,120.6
86,239.23,210.21
86,170.79,164.74
86,105.86,270.88
86,89.92,277.05
86,74.5,283.22
86,70.38,296.59
86,145.97,314.07
86,175.79,352.12
86,172.5,219.67
86,154.61,200.6
86,182.15,192.13
86,221.13,177.19
86,264.26,188.7
86,251.38,186.74
86,271.68,138.34
86,290.42,193.77
86,233.76,236.78
86,225.73,274.35
86,357.15,190.31
86,341.92,149.27
86,307.16,130.89
86,296.92,229.67
86,287.74,240.75
86,298.95,327.15
86,186.92,274.97
86,180.33,265.35
86,194.6,263.41
86,226.71,322.84
86,116.63,170.92
86,95.49,171.82
86,216.48,290.8
86,216.15,305.45
86,216.82,203.92
86,193.03,309.88
87,390.42,249.63
87,371.02,213.2
87,328.73,288.49
87,339.56,208.05
87,341.66,220.04
87,341.66,233.55
87,330.24,245.92
87,311.4,261.9
87,316.16,244.58
87,296.94,251.43
87,295.6,239.45
87,293.13,217.37
87,284.38,208.05
87,303.6,189.4
87,273.34,260.57
87,286.66,261.14
87,297.13,273.13
87,279.62,285.69
87,263.06,280.55
87,260.02,327.74
87,252.22,307.38
87,275.24,320.51
87,304.17,322.98
87,277.98,222.95
87,262.36,223.45
87,241.52,233.87
87,227.88,237.34
87,246.73,204.35
87,224.9,198.89
87,211.75,193.68
87,267.81,157.47
87,312.21,151.02
87,291.87,144.82
87,275.01,169.37
87,262.11,169.87
87,250.95,166.89
87,234.57,151.51
87,244.0,131.17
87,233.58,115.8
87,219.44,124.73
87,210.76,167.39
87,194.64,234.61
87,196.87,222.95
87,207.29,227.42
87,205.55,246.02
87,304.35,226.5
87,291.34,228.33
87,256.36,243.11
87,270.15,187.44
87,261.53,182.02
87,247.74,182.76
87,237.44,258.98
87,231.24,269.51
87,226.44,285.46
87,249.83,281.13
87,226.99,300.09
87,204.57,293.27
87,198.96,306.43
87,195.55,286.44
87,195.79,271.33
87,182.63,286.44
87,171.66,283.27
87,183.6,347.87
87,194.09,425.38
87,154.83,310.75
87,144.43,281.92
87,149.91,264.22
87,137.31,255.64
87,170.53,246.88
87,182.75,247.06
87,195.35,246.52
87,179.29,212.75
87,177.83,190.31
87,163.59,191.77
87,174.54,204.73
87,183.48,200.89
87,189.95,187.96
87,204.5,207.76
87,216.23,218.68
87,246.94,221.51
87,184.7,175.02
87,173.38,160.07
87,138.21,179.07
87,125.28,167.34
87,125.68,156.03
87,125.28,187.96
87,127.3,202.91
87,109.11,217.06
87,104.26,242.53
87,114.77,265.16
87,99.41,270.82
87,84.45,276.88
87,80.41,294.26
87,97.79,290.22
87,75.56,249.8
87,143.47,242.12
87,171.83,110.97
87,227.24,171.87
87,222.18,183.91
87,313.53,128.63
87,278.99,133.18
87,367.98,187.24
87,150.95,216.12
87,233.55,319.41
87,270.07,212.38
